timestamp,unit_id,unit_type,empire_or_resistance,location_x,location_y,destination_x,destination_y,homeworld
2025-03-17 15:14:23,1,unknown,resistance,1,5,6,5,Iridonia
2025-03-17 15:14:22,2,tie_silencer,empire,1,2,10,8,Muunilinst
2025-03-17 15:14:21,3,tie_silencer,empire,7,4,6,3,Kalee
2025-03-17 15:14:20,4,x-wing,empire,4,1,4,7,Dorin
2025-03-17 15:14:19,5,resistance_soldier,resistance,1,1,5,9,Alderaan
2025-03-17 15:14:18,6,at-at,resistance,6,6,4,8,Mon Cala
2025-03-17 15:14:17,7,tie_fighter,resistance,8,5,10,1,Glee Anselm
2025-03-17 15:14:16,8,tie_fighter,empire,8,4,6,1,Aleen Minor
2025-03-17 15:14:15,9,resistance_soldier,empire,8,6,6,9,Champala
2025-03-17 15:14:14,10,stormtrooper,empire,2,9,10,5,Tund
2025-03-17 15:14:13,11,at-st,resistance,9,2,1,9,Aleen Minor
2025-03-17 15:14:12,12,unknown,resistance,6,7,4,9,Ojom
2025-03-17 15:14:11,13,unknown,empire,1,7,3,9,Cerea
2025-03-17 15:14:10,14,at-at,resistance,4,4,8,9,Vulpter
2025-03-17 15:14:09,15,at-st,empire,10,2,1,2,Stewjon
2025-03-17 15:14:08,16,tie_fighter,empire,6,6,5,3,Vulpter
2025-03-17 15:14:07,17,tie_fighter,resistance,9,10,7,5,Ojom
2025-03-17 15:14:06,18,resistance_soldier,empire,2,8,4,3,Dathomir
2025-03-17 15:14:05,19,x-wing,resistance,6,4,7,7,Sullust
2025-03-17 15:14:04,20,tie_silencer,resistance,1,10,5,6,Sullust
2025-03-17 15:14:03,21,x-wing,empire,9,1,6,7,Bestine IV
2025-03-17 15:14:02,22,x-wing,resistance,3,3,8,6,Troiken
2025-03-17 15:14:01,23,at-st,empire,3,8,4,4,Muunilinst
2025-03-17 15:14:00,24,stormtrooper,resistance,5,3,7,9,Mon Cala
2025-03-17 15:13:59,25,x-wing,empire,1,1,2,8,Iridonia
2025-03-17 15:13:58,26,stormtrooper,resistance,8,2,5,10,Shili
2025-03-17 15:13:57,27,at-at,empire,9,1,2,9,Shili
2025-03-17 15:13:56,28,stormtrooper,empire,1,10,9,4,Ojom
2025-03-17 15:13:55,29,unknown,empire,3,3,2,9,Toydaria
2025-03-17 15:13:54,30,stormtrooper,empire,4,4,3,7,Muunilinst
2025-03-17 15:13:53,31,stormtrooper,empire,7,10,5,9,Tatooine
2025-03-17 15:13:52,32,at-st,resistance,10,5,10,5,Rodia
2025-03-17 15:13:51,33,at-at,resistance,6,8,6,8,Umbara
2025-03-17 15:13:50,34,at-st,empire,3,2,6,1,Champala
2025-03-17 15:13:49,35,unknown,resistance,6,3,2,3,Alderaan
2025-03-17 15:13:48,36,unknown,resistance,1,7,3,9,Bestine IV
2025-03-17 15:13:47,37,at-st,resistance,7,3,9,5,Iridonia
2025-03-17 15:13:46,38,tie_fighter,empire,5,8,6,8,Corellia
2025-03-17 15:13:45,39,tie_fighter,empire,7,1,5,8,Mirial
2025-03-17 15:13:44,40,tie_fighter,resistance,4,8,10,7,Toydaria
2025-03-17 15:13:43,41,stormtrooper,resistance,2,6,10,10,Chandrila
2025-03-17 15:13:42,42,at-at,empire,7,2,8,4,Aleen Minor
2025-03-17 15:13:41,43,tie_silencer,empire,3,4,6,7,Champala
2025-03-17 15:13:40,44,at-st,resistance,8,10,10,4,Troiken
2025-03-17 15:13:39,45,x-wing,resistance,7,9,3,1,Quermia
2025-03-17 15:13:38,46,at-st,empire,10,6,2,1,Muunilinst
2025-03-17 15:13:37,47,tie_silencer,resistance,4,8,4,2,Alderaan
2025-03-17 15:13:36,48,at-st,resistance,9,9,4,10,Rodia
2025-03-17 15:13:35,49,at-at,empire,2,1,7,1,Glee Anselm
2025-03-17 15:13:34,50,unknown,empire,4,8,1,3,Stewjon
2025-03-17 15:13:33,51,at-at,resistance,4,1,7,3,Socorro
2025-03-17 15:13:32,52,at-st,resistance,2,9,8,4,Mon Cala
2025-03-17 15:13:31,53,resistance_soldier,empire,4,3,7,8,Glee Anselm
2025-03-17 15:13:30,54,tie_fighter,empire,5,10,7,2,Dorin
2025-03-17 15:13:29,55,x-wing,resistance,5,1,10,8,Rodia
2025-03-17 15:13:28,56,tie_silencer,resistance,8,9,9,7,Glee Anselm
2025-03-17 15:13:27,57,at-at,empire,3,4,2,1,Tund
2025-03-17 15:13:26,58,resistance_soldier,resistance,8,7,7,9,Ryloth
2025-03-17 15:13:25,59,stormtrooper,resistance,6,7,5,1,Socorro
2025-03-17 15:13:24,60,tie_fighter,resistance,9,9,7,5,Champala
2025-03-17 15:13:23,61,at-at,empire,2,1,1,8,Naboo
2025-03-17 15:13:22,62,stormtrooper,resistance,8,5,7,6,Bestine IV
2025-03-17 15:13:21,63,resistance_soldier,resistance,5,10,6,9,Iktotch
2025-03-17 15:13:20,64,at-at,resistance,4,1,10,4,Sullust
2025-03-17 15:13:19,65,unknown,empire,9,4,9,2,Tatooine
2025-03-17 15:13:18,66,at-at,resistance,3,7,5,7,Tholoth
2025-03-17 15:13:17,67,stormtrooper,empire,9,3,9,1,Sullust
2025-03-17 15:13:16,68,tie_silencer,empire,9,8,3,8,Dagobah
2025-03-17 15:13:15,69,stormtrooper,resistance,10,4,6,5,Kashyyyk
2025-03-17 15:13:14,70,at-at,empire,10,3,3,5,Trandosha
2025-03-17 15:13:13,71,at-st,resistance,6,10,1,7,Iridonia
2025-03-17 15:13:12,72,at-at,empire,2,4,8,10,Kashyyyk
2025-03-17 15:13:11,73,unknown,empire,7,2,7,2,Corellia
2025-03-17 15:13:10,74,tie_silencer,resistance,6,7,8,5,Corellia
2025-03-17 15:13:09,75,at-st,empire,8,1,10,4,Malastare
2025-03-17 15:13:08,76,at-st,resistance,3,8,1,7,Iridonia
2025-03-17 15:13:07,77,stormtrooper,resistance,5,10,1,1,Champala
2025-03-17 15:13:06,78,unknown,resistance,3,10,5,10,Naboo
2025-03-17 15:13:05,79,at-st,empire,6,5,6,6,Quermia
2025-03-17 15:13:04,80,tie_fighter,resistance,3,4,5,6,Kashyyyk
2025-03-17 15:13:03,81,tie_silencer,empire,10,1,2,4,Eriadu
2025-03-17 15:13:02,82,resistance_soldier,resistance,9,1,2,10,Glee Anselm
2025-03-17 15:13:01,83,tie_silencer,empire,4,5,9,1,Muunilinst
2025-03-17 15:13:00,84,x-wing,empire,2,1,4,4,Dagobah
2025-03-17 15:12:59,85,resistance_soldier,empire,4,1,10,2,Mirial
2025-03-17 15:12:58,86,tie_silencer,empire,5,1,9,2,Kalee
2025-03-17 15:12:57,87,x-wing,empire,4,9,10,7,Tatooine
2025-03-17 15:12:56,88,at-at,resistance,10,1,10,2,Quermia
2025-03-17 15:12:55,89,tie_silencer,empire,8,9,2,9,Mirial
2025-03-17 15:12:54,90,at-st,resistance,8,9,1,8,Troiken
2025-03-17 15:12:53,91,at-st,resistance,3,7,10,8,Dathomir
2025-03-17 15:12:52,92,tie_fighter,resistance,5,5,8,9,Quermia
2025-03-17 15:12:51,93,unknown,resistance,8,2,9,10,Tholoth
2025-03-17 15:12:50,94,at-st,resistance,4,2,2,2,Naboo
2025-03-17 15:12:49,95,resistance_soldier,empire,3,1,9,3,Malastare
2025-03-17 15:12:48,96,tie_fighter,resistance,10,3,6,1,Mon Cala
2025-03-17 15:12:47,97,at-st,resistance,2,9,1,10,Shili
2025-03-17 15:12:46,98,tie_fighter,empire,7,3,8,1,Champala
2025-03-17 15:12:45,99,tie_fighter,resistance,5,8,8,7,Zolan
2025-03-17 15:12:44,100,x-wing,empire,1,3,4,3,Toydaria
2025-03-17 15:12:43,101,at-st,resistance,1,10,7,5,Champala
2025-03-17 15:12:42,102,stormtrooper,empire,10,6,2,10,Stewjon
2025-03-17 15:12:41,103,stormtrooper,empire,8,4,4,6,Sullust
2025-03-17 15:12:40,104,stormtrooper,resistance,8,2,5,4,Dorin
2025-03-17 15:12:39,105,tie_silencer,empire,5,1,8,10,Concord Dawn
2025-03-17 15:12:38,106,unknown,empire,9,5,6,5,Bestine IV
2025-03-17 15:12:37,107,at-at,empire,4,3,4,8,Dagobah
2025-03-17 15:12:36,108,resistance_soldier,resistance,1,8,7,4,Vulpter
2025-03-17 15:12:35,109,at-st,empire,2,9,8,5,Champala
2025-03-17 15:12:34,110,resistance_soldier,empire,4,1,1,2,Dagobah
2025-03-17 15:12:33,111,at-st,empire,9,5,9,2,Rodia
2025-03-17 15:12:32,112,tie_silencer,empire,2,6,8,4,Tund
2025-03-17 15:12:31,113,resistance_soldier,resistance,10,5,4,1,Vulpter
2025-03-17 15:12:30,114,stormtrooper,empire,5,4,7,6,Bestine IV
2025-03-17 15:12:29,115,at-st,resistance,5,6,7,7,Dorin
2025-03-17 15:12:28,116,stormtrooper,empire,6,7,9,4,Skako
2025-03-17 15:12:27,117,resistance_soldier,empire,9,2,9,2,Bestine IV
2025-03-17 15:12:26,118,stormtrooper,resistance,3,8,1,4,Iktotch
2025-03-17 15:12:25,119,at-at,resistance,3,10,1,9,Naboo
2025-03-17 15:12:24,120,tie_fighter,empire,5,9,6,4,Aleen Minor
2025-03-17 15:12:23,121,at-at,empire,8,4,10,9,Tund
2025-03-17 15:12:22,122,x-wing,empire,1,9,1,7,Eriadu
2025-03-17 15:12:21,123,resistance_soldier,empire,7,8,2,3,Aleen Minor
2025-03-17 15:12:20,124,stormtrooper,empire,7,4,5,3,Tund
2025-03-17 15:12:19,125,resistance_soldier,empire,5,3,1,3,Naboo
2025-03-17 15:12:18,126,x-wing,empire,9,7,4,3,Concord Dawn
2025-03-17 15:12:17,127,unknown,resistance,9,2,1,8,Vulpter
2025-03-17 15:12:16,128,tie_fighter,empire,7,4,9,4,Vulpter
2025-03-17 15:12:15,129,x-wing,resistance,5,1,2,5,Troiken
2025-03-17 15:12:14,130,unknown,resistance,2,5,2,1,Kalee
2025-03-17 15:12:13,131,at-st,resistance,2,10,2,6,Glee Anselm
2025-03-17 15:12:12,132,stormtrooper,resistance,10,1,7,7,Tholoth
2025-03-17 15:12:11,133,x-wing,resistance,6,4,4,6,Tholoth
2025-03-17 15:12:10,134,unknown,resistance,10,2,2,5,Aleen Minor
2025-03-17 15:12:09,135,tie_fighter,empire,9,8,6,8,Stewjon
2025-03-17 15:12:08,136,tie_silencer,resistance,9,3,1,7,Aleen Minor
2025-03-17 15:12:07,137,stormtrooper,resistance,9,5,10,8,Kalee
2025-03-17 15:12:06,138,resistance_soldier,resistance,4,9,4,2,Chandrila
2025-03-17 15:12:05,139,at-st,resistance,3,7,3,6,Kalee
2025-03-17 15:12:04,140,tie_silencer,empire,10,2,9,7,Skako
2025-03-17 15:12:03,141,tie_fighter,empire,3,8,7,2,Rodia
2025-03-17 15:12:02,142,unknown,resistance,8,4,10,6,Cerea
2025-03-17 15:12:01,143,stormtrooper,empire,7,10,8,1,Mirial
2025-03-17 15:12:00,144,resistance_soldier,resistance,3,4,7,1,Alderaan
2025-03-17 15:11:59,145,at-at,resistance,9,5,10,6,Eriadu
2025-03-17 15:11:58,146,x-wing,empire,3,10,2,8,Socorro
2025-03-17 15:11:57,147,tie_fighter,resistance,10,8,9,8,Dathomir
2025-03-17 15:11:56,148,x-wing,empire,2,8,9,2,Glee Anselm
2025-03-17 15:11:55,149,at-st,empire,4,4,3,5,Stewjon
2025-03-17 15:11:54,150,resistance_soldier,empire,7,3,2,3,Mirial
2025-03-17 15:11:53,151,resistance_soldier,resistance,8,1,7,5,Concord Dawn
2025-03-17 15:11:52,152,unknown,empire,7,3,8,8,Serenno
2025-03-17 15:11:51,153,tie_silencer,empire,2,8,3,10,Corellia
2025-03-17 15:11:50,154,tie_silencer,empire,1,7,7,1,Toydaria
2025-03-17 15:11:49,155,x-wing,resistance,10,5,7,4,Cerea
2025-03-17 15:11:48,156,stormtrooper,resistance,1,4,9,7,Sullust
2025-03-17 15:11:47,157,stormtrooper,empire,3,10,8,7,Malastare
2025-03-17 15:11:46,158,unknown,empire,6,9,4,5,Serenno
2025-03-17 15:11:45,159,at-at,resistance,2,7,1,6,Champala
2025-03-17 15:11:44,160,at-at,empire,1,4,2,1,Kalee
2025-03-17 15:11:43,161,tie_silencer,empire,7,9,3,5,Toydaria
2025-03-17 15:11:42,162,tie_silencer,empire,5,9,1,6,Troiken
2025-03-17 15:11:41,163,resistance_soldier,empire,4,1,6,3,Troiken
2025-03-17 15:11:40,164,stormtrooper,resistance,9,3,1,2,Bestine IV
2025-03-17 15:11:39,165,tie_fighter,empire,7,7,10,8,Rodia
2025-03-17 15:11:38,166,at-st,empire,7,5,5,4,Haruun Kal
2025-03-17 15:11:37,167,unknown,resistance,2,4,5,3,Umbara
2025-03-17 15:11:36,168,tie_fighter,empire,10,4,1,8,Cerea
2025-03-17 15:11:35,169,unknown,resistance,3,3,6,1,Bestine IV
2025-03-17 15:11:34,170,tie_silencer,resistance,3,10,2,2,Dathomir
2025-03-17 15:11:33,171,x-wing,empire,7,6,6,6,Zolan
2025-03-17 15:11:32,172,x-wing,empire,3,10,10,1,Tholoth
2025-03-17 15:11:31,173,at-at,empire,6,1,3,10,Iridonia
2025-03-17 15:11:30,174,tie_silencer,empire,6,7,9,4,Trandosha
2025-03-17 15:11:29,175,resistance_soldier,resistance,2,5,10,2,Ojom
2025-03-17 15:11:28,176,resistance_soldier,resistance,7,8,6,3,Tund
2025-03-17 15:11:27,177,unknown,empire,2,8,5,9,Tund
2025-03-17 15:11:26,178,resistance_soldier,resistance,4,2,5,5,Shili
2025-03-17 15:11:25,179,at-st,empire,9,10,9,9,Tholoth
2025-03-17 15:11:24,180,at-st,empire,4,5,6,3,Iridonia
2025-03-17 15:11:23,181,x-wing,resistance,2,3,4,4,Eriadu
2025-03-17 15:11:22,182,resistance_soldier,resistance,3,5,2,7,Serenno
2025-03-17 15:11:21,183,tie_fighter,empire,2,1,8,2,Iridonia
2025-03-17 15:11:20,184,stormtrooper,empire,7,7,3,2,Serenno
2025-03-17 15:11:19,185,tie_silencer,resistance,9,8,9,7,Iridonia
2025-03-17 15:11:18,186,at-at,resistance,4,8,4,6,Ryloth
2025-03-17 15:11:17,187,stormtrooper,empire,9,5,2,9,Champala
2025-03-17 15:11:16,188,tie_silencer,resistance,3,7,4,2,Socorro
2025-03-17 15:11:15,189,tie_silencer,empire,7,5,8,9,Umbara
2025-03-17 15:11:14,190,unknown,empire,9,10,1,1,Corellia
2025-03-17 15:11:13,191,at-at,empire,6,6,4,8,Muunilinst
2025-03-17 15:11:12,192,resistance_soldier,resistance,5,6,10,7,Haruun Kal
2025-03-17 15:11:11,193,resistance_soldier,resistance,5,2,9,4,Dathomir
2025-03-17 15:11:10,194,at-st,resistance,5,2,6,8,Ryloth
2025-03-17 15:11:09,195,unknown,empire,8,9,1,7,Aleen Minor
2025-03-17 15:11:08,196,at-at,resistance,9,3,7,2,Eriadu
2025-03-17 15:11:07,197,stormtrooper,resistance,7,3,6,3,Quermia
2025-03-17 15:11:06,198,at-at,empire,9,8,3,8,Naboo
2025-03-17 15:11:05,199,at-st,resistance,7,3,1,1,Zolan
2025-03-17 15:11:04,200,tie_silencer,resistance,8,3,3,8,Concord Dawn
2025-03-17 15:11:03,201,x-wing,resistance,10,6,3,9,Rodia
2025-03-17 15:11:02,202,tie_silencer,resistance,7,1,3,4,Umbara
2025-03-17 15:11:01,203,unknown,empire,1,8,8,10,Stewjon
2025-03-17 15:11:00,204,x-wing,empire,4,6,2,3,Troiken
2025-03-17 15:10:59,205,tie_silencer,empire,8,6,2,4,Mirial
2025-03-17 15:10:58,206,at-st,empire,9,9,3,9,Haruun Kal
2025-03-17 15:10:57,207,tie_silencer,empire,2,4,3,10,Toydaria
2025-03-17 15:10:56,208,unknown,resistance,8,1,10,3,Iktotch
2025-03-17 15:10:55,209,x-wing,resistance,8,2,3,7,Dagobah
2025-03-17 15:10:54,210,resistance_soldier,empire,3,5,5,3,Mon Cala
2025-03-17 15:10:53,211,tie_silencer,resistance,1,10,6,2,Alderaan
2025-03-17 15:10:52,212,unknown,empire,1,1,10,3,Dathomir
2025-03-17 15:10:51,213,x-wing,resistance,10,5,9,1,Vulpter
2025-03-17 15:10:50,214,tie_fighter,empire,10,6,3,4,Kalee
2025-03-17 15:10:49,215,unknown,empire,7,3,2,1,Haruun Kal
2025-03-17 15:10:48,216,x-wing,empire,4,10,7,8,Kalee
2025-03-17 15:10:47,217,x-wing,empire,6,10,6,10,Dathomir
2025-03-17 15:10:46,218,at-at,resistance,7,1,3,10,Chandrila
2025-03-17 15:10:45,219,at-at,empire,5,8,8,9,Dorin
2025-03-17 15:10:44,220,tie_fighter,resistance,10,3,8,4,Zolan
2025-03-17 15:10:43,221,unknown,empire,4,9,4,5,Tholoth
2025-03-17 15:10:42,222,tie_silencer,resistance,5,7,10,8,Vulpter
2025-03-17 15:10:41,223,tie_fighter,resistance,4,4,3,9,Kashyyyk
2025-03-17 15:10:40,224,resistance_soldier,resistance,8,5,4,3,Eriadu
2025-03-17 15:10:39,225,tie_silencer,resistance,3,6,7,1,Chandrila
2025-03-17 15:10:38,226,unknown,resistance,10,6,4,9,Ryloth
2025-03-17 15:10:37,227,x-wing,empire,5,10,5,2,Trandosha
2025-03-17 15:10:36,228,unknown,empire,6,3,5,10,Toydaria
2025-03-17 15:10:35,229,x-wing,empire,6,2,2,10,Chandrila
2025-03-17 15:10:34,230,stormtrooper,resistance,8,1,1,4,Shili
2025-03-17 15:10:33,231,tie_silencer,empire,9,10,2,8,Troiken
2025-03-17 15:10:32,232,x-wing,empire,2,1,10,10,Malastare
2025-03-17 15:10:31,233,at-st,resistance,6,4,10,7,Glee Anselm
2025-03-17 15:10:30,234,x-wing,empire,3,9,1,5,Bestine IV
2025-03-17 15:10:29,235,at-at,resistance,10,6,9,7,Kashyyyk
2025-03-17 15:10:28,236,at-at,empire,4,4,8,7,Dorin
2025-03-17 15:10:27,237,at-at,empire,9,5,1,1,Tund
2025-03-17 15:10:26,238,tie_silencer,empire,4,10,6,3,Mirial
2025-03-17 15:10:25,239,tie_silencer,empire,3,6,10,5,Muunilinst
2025-03-17 15:10:24,240,tie_silencer,empire,7,4,2,8,Tatooine
2025-03-17 15:10:23,241,x-wing,resistance,5,1,3,2,Ojom
2025-03-17 15:10:22,242,unknown,empire,10,9,6,9,Tholoth
2025-03-17 15:10:21,243,resistance_soldier,empire,1,4,7,1,Dorin
2025-03-17 15:10:20,244,tie_fighter,empire,5,8,6,9,Vulpter
2025-03-17 15:10:19,245,tie_fighter,empire,4,5,6,3,Vulpter
2025-03-17 15:10:18,246,unknown,resistance,4,8,1,7,Quermia
2025-03-17 15:10:17,247,resistance_soldier,resistance,2,5,4,9,Champala
2025-03-17 15:10:16,248,resistance_soldier,resistance,8,6,9,3,Iridonia
2025-03-17 15:10:15,249,resistance_soldier,empire,2,1,5,6,Dathomir
2025-03-17 15:10:14,250,tie_fighter,resistance,1,4,7,10,Dagobah
2025-03-17 15:10:13,251,resistance_soldier,resistance,6,1,5,10,Kalee
2025-03-17 15:10:12,252,at-at,empire,1,1,10,1,Tund
2025-03-17 15:10:11,253,resistance_soldier,empire,4,4,1,4,Serenno
2025-03-17 15:10:10,254,resistance_soldier,empire,5,4,1,7,Trandosha
2025-03-17 15:10:09,255,x-wing,empire,1,9,5,9,Aleen Minor
2025-03-17 15:10:08,256,unknown,empire,5,10,5,3,Socorro
2025-03-17 15:10:07,257,resistance_soldier,resistance,6,4,7,5,Eriadu
2025-03-17 15:10:06,258,at-st,empire,2,10,3,2,Mirial
2025-03-17 15:10:05,259,at-at,resistance,5,3,4,5,Malastare
2025-03-17 15:10:04,260,unknown,empire,7,8,8,7,Vulpter
2025-03-17 15:10:03,261,x-wing,empire,2,1,10,1,Toydaria
2025-03-17 15:10:02,262,at-at,empire,7,3,3,5,Zolan
2025-03-17 15:10:01,263,at-at,empire,1,8,9,6,Skako
2025-03-17 15:10:00,264,at-at,empire,7,7,1,10,Muunilinst
2025-03-17 15:09:59,265,x-wing,resistance,3,5,7,9,Socorro
2025-03-17 15:09:58,266,unknown,empire,4,3,9,2,Serenno
2025-03-17 15:09:57,267,x-wing,resistance,7,6,8,7,Mon Cala
2025-03-17 15:09:56,268,tie_silencer,resistance,6,1,5,4,Quermia
2025-03-17 15:09:55,269,at-at,empire,5,5,7,4,Kalee
2025-03-17 15:09:54,270,stormtrooper,resistance,6,10,3,9,Tholoth
2025-03-17 15:09:53,271,stormtrooper,resistance,6,9,4,1,Tholoth
2025-03-17 15:09:52,272,tie_fighter,empire,7,4,2,8,Skako
2025-03-17 15:09:51,273,tie_silencer,resistance,7,4,1,8,Kashyyyk
2025-03-17 15:09:50,274,x-wing,resistance,3,5,4,9,Glee Anselm
2025-03-17 15:09:49,275,at-at,empire,9,9,6,6,Muunilinst
2025-03-17 15:09:48,276,unknown,empire,6,1,5,2,Malastare
2025-03-17 15:09:47,277,tie_silencer,empire,4,3,8,5,Glee Anselm
2025-03-17 15:09:46,278,at-st,empire,4,1,10,10,Iridonia
2025-03-17 15:09:45,279,x-wing,resistance,9,8,10,4,Zolan
2025-03-17 15:09:44,280,tie_fighter,resistance,5,1,8,6,Trandosha
2025-03-17 15:09:43,281,stormtrooper,resistance,7,5,3,1,Dathomir
2025-03-17 15:09:42,282,resistance_soldier,empire,2,8,2,3,Malastare
2025-03-17 15:09:41,283,resistance_soldier,resistance,1,3,8,10,Toydaria
2025-03-17 15:09:40,284,tie_silencer,empire,1,2,1,7,Dorin
2025-03-17 15:09:39,285,at-st,resistance,9,7,3,5,Mon Cala
2025-03-17 15:09:38,286,resistance_soldier,resistance,6,5,2,1,Socorro
2025-03-17 15:09:37,287,x-wing,empire,7,4,5,10,Dagobah
2025-03-17 15:09:36,288,resistance_soldier,empire,4,3,1,7,Kalee
2025-03-17 15:09:35,289,at-at,resistance,10,5,2,5,Ryloth
2025-03-17 15:09:34,290,at-at,empire,3,9,5,9,Aleen Minor
2025-03-17 15:09:33,291,tie_fighter,resistance,9,2,4,2,Toydaria
2025-03-17 15:09:32,292,at-st,resistance,8,1,8,7,Kashyyyk
2025-03-17 15:09:31,293,tie_fighter,resistance,5,7,4,6,Cerea
2025-03-17 15:09:30,294,at-at,empire,3,10,9,9,Tholoth
2025-03-17 15:09:29,295,resistance_soldier,empire,4,1,6,3,Tund
2025-03-17 15:09:28,296,unknown,empire,1,3,5,8,Serenno
2025-03-17 15:09:27,297,at-st,resistance,1,8,4,4,Skako
2025-03-17 15:09:26,298,resistance_soldier,empire,9,7,7,10,Tatooine
2025-03-17 15:09:25,299,unknown,empire,3,6,8,9,Rodia
2025-03-17 15:09:24,300,at-st,resistance,7,8,7,4,Zolan
2025-03-17 15:09:23,301,at-st,resistance,4,4,5,10,Mon Cala
2025-03-17 15:09:22,302,tie_fighter,empire,7,1,5,4,Socorro
2025-03-17 15:09:21,303,stormtrooper,empire,2,7,4,5,Ryloth
2025-03-17 15:09:20,304,unknown,empire,1,6,9,8,Kalee
2025-03-17 15:09:19,305,unknown,empire,3,4,2,8,Tund
2025-03-17 15:09:18,306,stormtrooper,empire,2,6,10,5,Dagobah
2025-03-17 15:09:17,307,unknown,resistance,1,8,2,10,Cerea
2025-03-17 15:09:16,308,at-at,resistance,9,8,1,9,Bestine IV
2025-03-17 15:09:15,309,at-st,resistance,2,7,8,9,Troiken
2025-03-17 15:09:14,310,at-at,resistance,7,4,10,8,Ryloth
2025-03-17 15:09:13,311,tie_silencer,resistance,5,9,7,5,Dathomir
2025-03-17 15:09:12,312,tie_fighter,resistance,1,9,9,2,Ojom
2025-03-17 15:09:11,313,stormtrooper,empire,7,8,2,9,Tund
2025-03-17 15:09:10,314,x-wing,resistance,7,2,2,6,Umbara
2025-03-17 15:09:09,315,at-st,resistance,3,6,7,5,Trandosha
2025-03-17 15:09:08,316,resistance_soldier,empire,4,1,9,4,Iridonia
2025-03-17 15:09:07,317,x-wing,resistance,6,10,9,6,Sullust
2025-03-17 15:09:06,318,x-wing,empire,8,3,10,4,Cerea
2025-03-17 15:09:05,319,tie_silencer,resistance,2,5,8,2,Zolan
2025-03-17 15:09:04,320,tie_fighter,empire,2,5,5,8,Rodia
2025-03-17 15:09:03,321,at-at,resistance,2,10,2,7,Dathomir
2025-03-17 15:09:02,322,at-at,empire,7,2,4,4,Bestine IV
2025-03-17 15:09:01,323,tie_fighter,resistance,9,4,2,9,Haruun Kal
2025-03-17 15:09:00,324,stormtrooper,empire,3,1,2,9,Iktotch
2025-03-17 15:08:59,325,tie_silencer,resistance,6,8,6,7,Dathomir
2025-03-17 15:08:58,326,resistance_soldier,empire,8,6,6,1,Quermia
2025-03-17 15:08:57,327,at-at,resistance,4,2,8,2,Concord Dawn
2025-03-17 15:08:56,328,resistance_soldier,empire,1,4,2,2,Tholoth
2025-03-17 15:08:55,329,at-st,resistance,4,10,9,4,Shili
2025-03-17 15:08:54,330,x-wing,empire,2,9,8,8,Umbara
2025-03-17 15:08:53,331,at-st,resistance,8,8,4,6,Kashyyyk
2025-03-17 15:08:52,332,at-at,empire,3,1,10,4,Trandosha
2025-03-17 15:08:51,333,x-wing,empire,2,7,4,3,Mirial
2025-03-17 15:08:50,334,tie_fighter,resistance,10,10,4,7,Zolan
2025-03-17 15:08:49,335,at-st,resistance,4,8,2,10,Trandosha
2025-03-17 15:08:48,336,at-at,resistance,9,9,6,8,Quermia
2025-03-17 15:08:47,337,tie_silencer,resistance,6,3,8,8,Tatooine
2025-03-17 15:08:46,338,at-st,resistance,7,5,6,10,Iridonia
2025-03-17 15:08:45,339,tie_fighter,resistance,3,4,6,8,Serenno
2025-03-17 15:08:44,340,x-wing,resistance,7,3,1,7,Kashyyyk
2025-03-17 15:08:43,341,unknown,resistance,9,4,7,9,Rodia
2025-03-17 15:08:42,342,x-wing,empire,9,9,7,2,Shili
2025-03-17 15:08:41,343,at-st,resistance,1,1,9,5,Iktotch
2025-03-17 15:08:40,344,at-st,empire,8,8,9,1,Socorro
2025-03-17 15:08:39,345,unknown,resistance,6,10,8,8,Tund
2025-03-17 15:08:38,346,at-st,resistance,1,9,9,7,Sullust
2025-03-17 15:08:37,347,tie_fighter,resistance,6,2,3,10,Kalee
2025-03-17 15:08:36,348,stormtrooper,resistance,4,1,5,2,Stewjon
2025-03-17 15:08:35,349,tie_fighter,empire,9,8,2,2,Iktotch
2025-03-17 15:08:34,350,at-at,resistance,7,5,9,4,Glee Anselm
2025-03-17 15:08:33,351,unknown,empire,7,3,9,3,Vulpter
2025-03-17 15:08:32,352,x-wing,resistance,5,7,4,1,Eriadu
2025-03-17 15:08:31,353,stormtrooper,resistance,3,10,8,10,Kalee
2025-03-17 15:08:30,354,tie_fighter,empire,9,6,4,7,Tund
2025-03-17 15:08:29,355,tie_silencer,resistance,9,9,8,10,Concord Dawn
2025-03-17 15:08:28,356,stormtrooper,empire,4,6,3,8,Dagobah
2025-03-17 15:08:27,357,unknown,resistance,4,1,1,1,Alderaan
2025-03-17 15:08:26,358,at-at,empire,2,5,1,4,Umbara
2025-03-17 15:08:25,359,at-at,empire,8,3,7,7,Muunilinst
2025-03-17 15:08:24,360,at-st,empire,9,9,6,7,Umbara
2025-03-17 15:08:23,361,resistance_soldier,resistance,7,10,5,8,Kashyyyk
2025-03-17 15:08:22,362,resistance_soldier,empire,2,6,9,5,Toydaria
2025-03-17 15:08:21,363,unknown,empire,3,3,1,10,Ojom
2025-03-17 15:08:20,364,unknown,resistance,10,6,8,9,Dathomir
2025-03-17 15:08:19,365,tie_fighter,resistance,5,1,8,3,Troiken
2025-03-17 15:08:18,366,at-at,resistance,8,9,2,2,Iridonia
2025-03-17 15:08:17,367,tie_silencer,resistance,6,8,6,3,Umbara
2025-03-17 15:08:16,368,unknown,resistance,3,8,8,7,Socorro
2025-03-17 15:08:15,369,x-wing,resistance,2,8,9,6,Vulpter
2025-03-17 15:08:14,370,resistance_soldier,empire,9,6,4,9,Dagobah
2025-03-17 15:08:13,371,tie_silencer,empire,5,4,5,1,Corellia
2025-03-17 15:08:12,372,tie_silencer,resistance,8,1,1,8,Shili
2025-03-17 15:08:11,373,resistance_soldier,resistance,2,10,6,5,Naboo
2025-03-17 15:08:10,374,unknown,empire,6,3,5,9,Concord Dawn
2025-03-17 15:08:09,375,at-st,empire,4,4,5,8,Serenno
2025-03-17 15:08:08,376,at-at,empire,10,3,1,3,Skako
2025-03-17 15:08:07,377,x-wing,resistance,2,5,1,10,Umbara
2025-03-17 15:08:06,378,tie_silencer,resistance,8,1,3,10,Cerea
2025-03-17 15:08:05,379,stormtrooper,empire,8,3,3,7,Naboo
2025-03-17 15:08:04,380,at-st,resistance,6,9,3,8,Ryloth
2025-03-17 15:08:03,381,at-at,empire,4,6,1,6,Troiken
2025-03-17 15:08:02,382,tie_fighter,empire,6,5,5,10,Cerea
2025-03-17 15:08:01,383,stormtrooper,resistance,5,7,4,8,Iktotch
2025-03-17 15:08:00,384,x-wing,resistance,1,3,9,7,Bestine IV
2025-03-17 15:07:59,385,at-at,resistance,4,4,5,2,Kashyyyk
2025-03-17 15:07:58,386,tie_fighter,empire,2,2,5,8,Stewjon
2025-03-17 15:07:57,387,unknown,resistance,4,6,10,3,Mon Cala
2025-03-17 15:07:56,388,x-wing,resistance,9,10,7,4,Quermia
2025-03-17 15:07:55,389,x-wing,empire,5,10,2,6,Trandosha
2025-03-17 15:07:54,390,stormtrooper,resistance,3,9,6,2,Zolan
2025-03-17 15:07:53,391,x-wing,empire,5,1,2,9,Ryloth
2025-03-17 15:07:52,392,tie_silencer,resistance,9,10,1,7,Iridonia
2025-03-17 15:07:51,393,tie_fighter,empire,5,2,2,8,Glee Anselm
2025-03-17 15:07:50,394,tie_fighter,empire,2,4,3,4,Tatooine
2025-03-17 15:07:49,395,resistance_soldier,resistance,9,8,9,1,Eriadu
2025-03-17 15:07:48,396,at-st,resistance,7,1,10,4,Mon Cala
2025-03-17 15:07:47,397,stormtrooper,resistance,10,6,4,5,Bestine IV
2025-03-17 15:07:46,398,unknown,empire,1,5,6,8,Muunilinst
2025-03-17 15:07:45,399,tie_silencer,resistance,10,6,1,7,Vulpter
2025-03-17 15:07:44,400,unknown,resistance,8,5,5,10,Alderaan
2025-03-17 15:07:43,401,unknown,resistance,7,10,10,10,Dathomir
2025-03-17 15:07:42,402,stormtrooper,empire,5,9,9,10,Tatooine
2025-03-17 15:07:41,403,tie_fighter,resistance,9,7,2,10,Umbara
2025-03-17 15:07:40,404,tie_silencer,empire,10,3,4,4,Tholoth
2025-03-17 15:07:39,405,unknown,empire,9,1,2,3,Stewjon
2025-03-17 15:07:38,406,stormtrooper,empire,4,7,6,4,Chandrila
2025-03-17 15:07:37,407,x-wing,resistance,8,8,6,5,Concord Dawn
2025-03-17 15:07:36,408,resistance_soldier,resistance,5,1,3,2,Naboo
2025-03-17 15:07:35,409,stormtrooper,resistance,2,4,10,1,Muunilinst
2025-03-17 15:07:34,410,x-wing,empire,9,8,6,9,Haruun Kal
2025-03-17 15:07:33,411,resistance_soldier,empire,7,10,2,1,Iktotch
2025-03-17 15:07:32,412,resistance_soldier,resistance,1,6,6,1,Tholoth
2025-03-17 15:07:31,413,x-wing,empire,2,10,3,7,Shili
2025-03-17 15:07:30,414,x-wing,empire,7,10,6,2,Tund
2025-03-17 15:07:29,415,x-wing,resistance,1,5,7,6,Tatooine
2025-03-17 15:07:28,416,unknown,resistance,5,7,5,1,Shili
2025-03-17 15:07:27,417,unknown,empire,8,9,1,2,Skako
2025-03-17 15:07:26,418,stormtrooper,resistance,9,4,6,5,Bestine IV
2025-03-17 15:07:25,419,x-wing,empire,10,6,5,10,Bestine IV
2025-03-17 15:07:24,420,x-wing,resistance,2,1,7,3,Sullust
2025-03-17 15:07:23,421,resistance_soldier,empire,3,3,4,2,Corellia
2025-03-17 15:07:22,422,at-st,resistance,4,7,1,4,Alderaan
2025-03-17 15:07:21,423,at-at,empire,1,9,2,7,Muunilinst
2025-03-17 15:07:20,424,resistance_soldier,empire,6,8,6,4,Glee Anselm
2025-03-17 15:07:19,425,resistance_soldier,empire,8,6,1,6,Socorro
2025-03-17 15:07:18,426,resistance_soldier,empire,9,5,4,3,Corellia
2025-03-17 15:07:17,427,at-at,empire,4,7,3,8,Concord Dawn
2025-03-17 15:07:16,428,tie_fighter,empire,7,10,8,1,Haruun Kal
2025-03-17 15:07:15,429,tie_silencer,resistance,10,7,4,2,Mon Cala
2025-03-17 15:07:14,430,tie_silencer,empire,2,10,9,3,Concord Dawn
2025-03-17 15:07:13,431,resistance_soldier,empire,6,9,2,2,Toydaria
2025-03-17 15:07:12,432,resistance_soldier,resistance,3,9,8,10,Rodia
2025-03-17 15:07:11,433,tie_fighter,resistance,6,1,2,4,Champala
2025-03-17 15:07:10,434,at-at,empire,7,3,9,3,Tund
2025-03-17 15:07:09,435,unknown,empire,8,8,4,3,Vulpter
2025-03-17 15:07:08,436,unknown,empire,1,1,6,6,Socorro
2025-03-17 15:07:07,437,x-wing,resistance,3,2,7,8,Toydaria
2025-03-17 15:07:06,438,tie_fighter,empire,3,2,7,6,Cerea
2025-03-17 15:07:05,439,at-at,resistance,4,2,3,5,Naboo
2025-03-17 15:07:04,440,tie_fighter,empire,9,7,3,8,Cerea
2025-03-17 15:07:03,441,tie_fighter,resistance,2,5,5,10,Toydaria
2025-03-17 15:07:02,442,stormtrooper,empire,6,3,2,7,Tholoth
2025-03-17 15:07:01,443,at-at,resistance,4,8,10,3,Eriadu
2025-03-17 15:07:00,444,at-st,resistance,5,7,3,10,Serenno
2025-03-17 15:06:59,445,resistance_soldier,resistance,5,8,3,6,Haruun Kal
2025-03-17 15:06:58,446,x-wing,resistance,10,6,1,1,Iridonia
2025-03-17 15:06:57,447,resistance_soldier,resistance,9,5,3,4,Trandosha
2025-03-17 15:06:56,448,tie_silencer,resistance,1,8,3,9,Kalee
2025-03-17 15:06:55,449,at-st,resistance,6,10,4,1,Iridonia
2025-03-17 15:06:54,450,at-at,resistance,7,3,3,4,Troiken
2025-03-17 15:06:53,451,stormtrooper,resistance,1,6,1,10,Chandrila
2025-03-17 15:06:52,452,resistance_soldier,resistance,8,10,7,10,Shili
2025-03-17 15:06:51,453,stormtrooper,resistance,2,5,1,3,Dathomir
2025-03-17 15:06:50,454,tie_fighter,empire,8,8,3,10,Umbara
2025-03-17 15:06:49,455,at-st,resistance,10,4,8,8,Skako
2025-03-17 15:06:48,456,resistance_soldier,empire,7,10,4,8,Rodia
2025-03-17 15:06:47,457,tie_silencer,empire,2,8,10,8,Champala
2025-03-17 15:06:46,458,at-at,empire,7,3,3,1,Concord Dawn
2025-03-17 15:06:45,459,resistance_soldier,resistance,9,8,3,7,Trandosha
2025-03-17 15:06:44,460,unknown,empire,2,3,9,1,Vulpter
2025-03-17 15:06:43,461,at-st,resistance,3,3,2,5,Concord Dawn
2025-03-17 15:06:42,462,tie_fighter,empire,1,5,1,8,Glee Anselm
2025-03-17 15:06:41,463,stormtrooper,resistance,2,6,6,10,Tatooine
2025-03-17 15:06:40,464,tie_silencer,resistance,2,10,1,5,Mon Cala
2025-03-17 15:06:39,465,resistance_soldier,resistance,4,4,7,2,Rodia
2025-03-17 15:06:38,466,unknown,empire,7,7,7,2,Zolan
2025-03-17 15:06:37,467,tie_silencer,resistance,9,8,1,9,Alderaan
2025-03-17 15:06:36,468,at-st,resistance,2,7,4,10,Zolan
2025-03-17 15:06:35,469,tie_fighter,resistance,3,7,10,7,Naboo
2025-03-17 15:06:34,470,unknown,empire,7,4,10,4,Haruun Kal
2025-03-17 15:06:33,471,x-wing,empire,3,4,1,6,Muunilinst
2025-03-17 15:06:32,472,tie_fighter,empire,7,4,7,4,Kalee
2025-03-17 15:06:31,473,resistance_soldier,empire,9,9,10,7,Quermia
2025-03-17 15:06:30,474,stormtrooper,resistance,6,1,3,1,Quermia
2025-03-17 15:06:29,475,tie_fighter,empire,2,7,7,1,Shili
2025-03-17 15:06:28,476,tie_silencer,empire,10,8,5,4,Trandosha
2025-03-17 15:06:27,477,resistance_soldier,empire,3,7,8,2,Glee Anselm
2025-03-17 15:06:26,478,unknown,resistance,2,10,8,6,Aleen Minor
2025-03-17 15:06:25,479,unknown,resistance,3,6,6,10,Haruun Kal
2025-03-17 15:06:24,480,x-wing,empire,9,2,2,3,Champala
2025-03-17 15:06:23,481,at-st,empire,3,10,5,10,Toydaria
2025-03-17 15:06:22,482,at-st,resistance,10,9,9,2,Mon Cala
2025-03-17 15:06:21,483,unknown,empire,5,10,9,8,Ojom
2025-03-17 15:06:20,484,resistance_soldier,empire,5,7,10,3,Rodia
2025-03-17 15:06:19,485,tie_silencer,resistance,10,5,9,5,Toydaria
2025-03-17 15:06:18,486,resistance_soldier,empire,8,3,10,3,Glee Anselm
2025-03-17 15:06:17,487,unknown,resistance,1,4,3,9,Eriadu
2025-03-17 15:06:16,488,tie_fighter,empire,2,2,4,8,Corellia
2025-03-17 15:06:15,489,unknown,empire,4,6,1,10,Corellia
2025-03-17 15:06:14,490,at-at,resistance,8,2,1,5,Mirial
2025-03-17 15:06:13,491,x-wing,empire,3,10,5,6,Corellia
2025-03-17 15:06:12,492,resistance_soldier,empire,7,6,10,5,Ojom
2025-03-17 15:06:11,493,tie_fighter,empire,1,8,4,9,Naboo
2025-03-17 15:06:10,494,tie_fighter,empire,4,2,10,9,Champala
2025-03-17 15:06:09,495,stormtrooper,empire,9,9,2,1,Serenno
2025-03-17 15:06:08,496,x-wing,empire,10,2,5,10,Aleen Minor
2025-03-17 15:06:07,497,at-at,resistance,4,3,1,3,Sullust
2025-03-17 15:06:06,498,stormtrooper,empire,8,8,2,7,Mirial
2025-03-17 15:06:05,499,unknown,resistance,2,3,2,1,Socorro
2025-03-17 15:06:04,500,stormtrooper,resistance,5,9,10,1,Naboo
2025-03-17 15:06:03,501,stormtrooper,empire,2,5,2,10,Dagobah
2025-03-17 15:06:02,502,tie_silencer,resistance,1,8,6,6,Socorro
2025-03-17 15:06:01,503,resistance_soldier,resistance,7,6,9,10,Troiken
2025-03-17 15:06:00,504,stormtrooper,resistance,7,10,2,6,Malastare
2025-03-17 15:05:59,505,x-wing,resistance,2,5,10,7,Mirial
2025-03-17 15:05:58,506,resistance_soldier,resistance,3,7,6,8,Tatooine
2025-03-17 15:05:57,507,stormtrooper,resistance,4,5,3,2,Dagobah
2025-03-17 15:05:56,508,at-st,resistance,5,1,6,2,Shili
2025-03-17 15:05:55,509,tie_fighter,empire,8,4,2,6,Malastare
2025-03-17 15:05:54,510,resistance_soldier,resistance,8,7,5,5,Chandrila
2025-03-17 15:05:53,511,resistance_soldier,empire,8,10,8,5,Aleen Minor
2025-03-17 15:05:52,512,resistance_soldier,empire,6,6,8,3,Mirial
2025-03-17 15:05:51,513,tie_silencer,empire,6,7,9,9,Vulpter
2025-03-17 15:05:50,514,x-wing,empire,5,5,6,2,Malastare
2025-03-17 15:05:49,515,at-st,resistance,8,2,7,3,Aleen Minor
2025-03-17 15:05:48,516,stormtrooper,resistance,2,10,6,2,Ryloth
2025-03-17 15:05:47,517,unknown,resistance,6,8,5,3,Kalee
2025-03-17 15:05:46,518,resistance_soldier,resistance,10,2,10,2,Mon Cala
2025-03-17 15:05:45,519,tie_silencer,resistance,10,2,8,5,Socorro
2025-03-17 15:05:44,520,resistance_soldier,empire,4,9,9,5,Champala
2025-03-17 15:05:43,521,tie_silencer,resistance,10,2,7,9,Glee Anselm
2025-03-17 15:05:42,522,at-at,empire,6,5,1,3,Toydaria
2025-03-17 15:05:41,523,tie_silencer,resistance,3,8,3,3,Naboo
2025-03-17 15:05:40,524,stormtrooper,empire,6,8,9,4,Tund
2025-03-17 15:05:39,525,tie_fighter,empire,2,10,7,10,Concord Dawn
2025-03-17 15:05:38,526,at-at,resistance,9,5,4,3,Champala
2025-03-17 15:05:37,527,unknown,empire,3,6,1,8,Kashyyyk
2025-03-17 15:05:36,528,at-at,resistance,5,2,8,8,Rodia
2025-03-17 15:05:35,529,stormtrooper,resistance,10,1,7,1,Mon Cala
2025-03-17 15:05:34,530,resistance_soldier,empire,7,2,3,10,Cerea
2025-03-17 15:05:33,531,unknown,resistance,4,3,6,5,Sullust
2025-03-17 15:05:32,532,tie_fighter,empire,6,6,6,5,Malastare
2025-03-17 15:05:31,533,x-wing,resistance,4,9,1,8,Ryloth
2025-03-17 15:05:30,534,tie_fighter,empire,8,4,8,7,Corellia
2025-03-17 15:05:29,535,tie_fighter,resistance,10,8,1,5,Tholoth
2025-03-17 15:05:28,536,x-wing,empire,10,1,5,4,Stewjon
2025-03-17 15:05:27,537,at-at,empire,10,9,9,6,Haruun Kal
2025-03-17 15:05:26,538,at-st,resistance,5,6,8,8,Dathomir
2025-03-17 15:05:25,539,stormtrooper,empire,4,4,7,2,Aleen Minor
2025-03-17 15:05:24,540,x-wing,empire,2,2,9,4,Kashyyyk
2025-03-17 15:05:23,541,at-st,empire,8,5,6,3,Rodia
2025-03-17 15:05:22,542,x-wing,empire,1,5,1,7,Stewjon
2025-03-17 15:05:21,543,x-wing,empire,3,1,9,8,Malastare
2025-03-17 15:05:20,544,tie_fighter,empire,7,5,7,7,Ojom
2025-03-17 15:05:19,545,x-wing,resistance,10,8,7,2,Eriadu
2025-03-17 15:05:18,546,stormtrooper,empire,2,7,10,3,Concord Dawn
2025-03-17 15:05:17,547,x-wing,empire,2,2,5,10,Skako
2025-03-17 15:05:16,548,stormtrooper,resistance,1,5,5,10,Champala
2025-03-17 15:05:15,549,tie_silencer,resistance,1,2,2,4,Sullust
2025-03-17 15:05:14,550,stormtrooper,empire,2,8,4,7,Trandosha
2025-03-17 15:05:13,551,at-at,empire,1,7,9,5,Ojom
2025-03-17 15:05:12,552,unknown,empire,4,5,3,6,Muunilinst
2025-03-17 15:05:11,553,stormtrooper,empire,5,5,3,10,Dathomir
2025-03-17 15:05:10,554,at-at,resistance,3,6,9,2,Tholoth
2025-03-17 15:05:09,555,at-at,empire,6,3,1,3,Bestine IV
2025-03-17 15:05:08,556,unknown,empire,4,7,6,6,Shili
2025-03-17 15:05:07,557,stormtrooper,empire,10,10,5,8,Socorro
2025-03-17 15:05:06,558,at-at,empire,1,4,5,3,Aleen Minor
2025-03-17 15:05:05,559,tie_silencer,empire,9,2,7,10,Mirial
2025-03-17 15:05:04,560,tie_silencer,empire,5,2,2,3,Trandosha
2025-03-17 15:05:03,561,resistance_soldier,empire,3,1,6,2,Mirial
2025-03-17 15:05:02,562,at-st,empire,5,10,4,9,Corellia
2025-03-17 15:05:01,563,x-wing,resistance,6,7,9,9,Cerea
2025-03-17 15:05:00,564,resistance_soldier,resistance,4,1,4,1,Champala
2025-03-17 15:04:59,565,resistance_soldier,resistance,4,7,1,2,Tatooine
2025-03-17 15:04:58,566,x-wing,empire,2,6,9,8,Kalee
2025-03-17 15:04:57,567,tie_silencer,empire,3,2,10,5,Quermia
2025-03-17 15:04:56,568,tie_fighter,resistance,8,6,2,4,Concord Dawn
2025-03-17 15:04:55,569,tie_silencer,empire,5,7,5,10,Vulpter
2025-03-17 15:04:54,570,tie_silencer,empire,10,4,2,5,Naboo
2025-03-17 15:04:53,571,tie_silencer,resistance,4,9,7,1,Quermia
2025-03-17 15:04:52,572,resistance_soldier,resistance,3,6,3,5,Eriadu
2025-03-17 15:04:51,573,stormtrooper,empire,8,2,4,8,Trandosha
2025-03-17 15:04:50,574,resistance_soldier,empire,8,5,8,1,Serenno
2025-03-17 15:04:49,575,stormtrooper,resistance,3,4,6,1,Cerea
2025-03-17 15:04:48,576,tie_silencer,empire,1,5,6,9,Kalee
2025-03-17 15:04:47,577,tie_fighter,resistance,8,5,3,2,Vulpter
2025-03-17 15:04:46,578,unknown,resistance,4,6,5,4,Champala
2025-03-17 15:04:45,579,x-wing,resistance,5,3,4,6,Mon Cala
2025-03-17 15:04:44,580,stormtrooper,empire,4,5,2,3,Zolan
2025-03-17 15:04:43,581,stormtrooper,empire,5,6,1,1,Trandosha
2025-03-17 15:04:42,582,stormtrooper,resistance,9,10,1,5,Kashyyyk
2025-03-17 15:04:41,583,resistance_soldier,resistance,7,6,5,5,Chandrila
2025-03-17 15:04:40,584,unknown,empire,3,7,3,9,Tatooine
2025-03-17 15:04:39,585,x-wing,empire,3,3,6,2,Kashyyyk
2025-03-17 15:04:38,586,unknown,resistance,1,3,4,3,Umbara
2025-03-17 15:04:37,587,at-at,resistance,8,3,5,8,Haruun Kal
2025-03-17 15:04:36,588,at-at,empire,2,5,9,10,Stewjon
2025-03-17 15:04:35,589,at-st,resistance,3,3,8,7,Champala
2025-03-17 15:04:34,590,at-st,resistance,4,6,8,9,Socorro
2025-03-17 15:04:33,591,at-st,resistance,7,1,2,6,Dagobah
2025-03-17 15:04:32,592,tie_fighter,resistance,8,7,2,9,Toydaria
2025-03-17 15:04:31,593,at-st,resistance,4,7,1,7,Sullust
2025-03-17 15:04:30,594,resistance_soldier,empire,7,2,7,4,Ojom
2025-03-17 15:04:29,595,tie_fighter,empire,1,6,10,6,Tholoth
2025-03-17 15:04:28,596,stormtrooper,resistance,8,1,5,6,Sullust
2025-03-17 15:04:27,597,unknown,resistance,5,2,5,4,Naboo
2025-03-17 15:04:26,598,resistance_soldier,resistance,9,9,5,8,Bestine IV
2025-03-17 15:04:25,599,unknown,resistance,3,4,4,4,Corellia
2025-03-17 15:04:24,600,tie_fighter,empire,6,6,2,1,Corellia
2025-03-17 15:04:23,601,at-at,empire,6,4,10,9,Tatooine
2025-03-17 15:04:22,602,at-st,resistance,6,4,2,4,Tholoth
2025-03-17 15:04:21,603,x-wing,empire,3,9,5,4,Quermia
2025-03-17 15:04:20,604,resistance_soldier,resistance,7,5,2,4,Shili
2025-03-17 15:04:19,605,at-at,empire,8,5,7,1,Tund
2025-03-17 15:04:18,606,stormtrooper,empire,2,1,9,5,Stewjon
2025-03-17 15:04:17,607,unknown,empire,5,7,1,6,Tund
2025-03-17 15:04:16,608,resistance_soldier,empire,7,1,6,5,Chandrila
2025-03-17 15:04:15,609,at-at,empire,7,10,7,6,Stewjon
2025-03-17 15:04:14,610,resistance_soldier,empire,3,8,10,3,Skako
2025-03-17 15:04:13,611,at-st,empire,3,3,5,6,Socorro
2025-03-17 15:04:12,612,resistance_soldier,empire,7,6,7,10,Quermia
2025-03-17 15:04:11,613,at-at,empire,4,5,2,9,Stewjon
2025-03-17 15:04:10,614,resistance_soldier,empire,3,7,10,9,Zolan
2025-03-17 15:04:09,615,at-at,resistance,3,4,10,10,Troiken
2025-03-17 15:04:08,616,tie_fighter,empire,1,7,5,1,Concord Dawn
2025-03-17 15:04:07,617,x-wing,resistance,8,5,7,9,Shili
2025-03-17 15:04:06,618,tie_fighter,empire,8,5,4,7,Ojom
2025-03-17 15:04:05,619,resistance_soldier,empire,10,7,4,9,Dagobah
2025-03-17 15:04:04,620,at-at,resistance,4,8,1,6,Alderaan
2025-03-17 15:04:03,621,tie_silencer,empire,6,9,3,4,Rodia
2025-03-17 15:04:02,622,stormtrooper,empire,10,9,4,9,Corellia
2025-03-17 15:04:01,623,resistance_soldier,empire,4,7,6,9,Toydaria
2025-03-17 15:04:00,624,unknown,resistance,9,6,5,7,Iridonia
2025-03-17 15:03:59,625,tie_fighter,empire,10,3,1,6,Tatooine
2025-03-17 15:03:58,626,at-at,resistance,6,5,6,7,Chandrila
2025-03-17 15:03:57,627,at-at,resistance,6,10,6,1,Alderaan
2025-03-17 15:03:56,628,at-st,empire,9,6,8,9,Iridonia
2025-03-17 15:03:55,629,x-wing,resistance,5,7,6,6,Ryloth
2025-03-17 15:03:54,630,unknown,empire,10,1,7,5,Eriadu
2025-03-17 15:03:53,631,resistance_soldier,resistance,4,3,3,5,Haruun Kal
2025-03-17 15:03:52,632,tie_silencer,empire,8,10,2,3,Dagobah
2025-03-17 15:03:51,633,tie_silencer,resistance,8,9,7,5,Quermia
2025-03-17 15:03:50,634,tie_fighter,empire,7,6,5,6,Skako
2025-03-17 15:03:49,635,unknown,resistance,3,1,10,3,Dorin
2025-03-17 15:03:48,636,at-at,empire,9,1,9,10,Tund
2025-03-17 15:03:47,637,resistance_soldier,resistance,5,2,8,3,Bestine IV
2025-03-17 15:03:46,638,stormtrooper,resistance,8,8,6,3,Kashyyyk
2025-03-17 15:03:45,639,x-wing,empire,6,9,5,8,Concord Dawn
2025-03-17 15:03:44,640,x-wing,resistance,4,5,4,2,Dagobah
2025-03-17 15:03:43,641,stormtrooper,empire,1,6,2,5,Serenno
2025-03-17 15:03:42,642,tie_silencer,resistance,5,3,2,4,Alderaan
2025-03-17 15:03:41,643,at-at,resistance,5,3,3,9,Rodia
2025-03-17 15:03:40,644,at-st,empire,1,7,7,6,Concord Dawn
2025-03-17 15:03:39,645,tie_fighter,empire,2,5,8,6,Muunilinst
2025-03-17 15:03:38,646,tie_fighter,empire,9,4,5,2,Toydaria
2025-03-17 15:03:37,647,tie_fighter,empire,4,4,6,3,Eriadu
2025-03-17 15:03:36,648,at-at,resistance,5,10,2,1,Glee Anselm
2025-03-17 15:03:35,649,x-wing,empire,1,9,9,9,Tund
2025-03-17 15:03:34,650,at-at,resistance,3,10,9,4,Kalee
2025-03-17 15:03:33,651,unknown,empire,8,7,7,10,Malastare
2025-03-17 15:03:32,652,stormtrooper,resistance,9,6,5,4,Sullust
2025-03-17 15:03:31,653,at-st,resistance,5,3,2,10,Shili
2025-03-17 15:03:30,654,tie_fighter,resistance,2,1,3,2,Sullust
2025-03-17 15:03:29,655,at-at,resistance,2,6,8,2,Shili
2025-03-17 15:03:28,656,unknown,empire,6,7,6,8,Aleen Minor
2025-03-17 15:03:27,657,at-at,resistance,2,7,5,8,Haruun Kal
2025-03-17 15:03:26,658,x-wing,empire,4,5,8,5,Kalee
2025-03-17 15:03:25,659,tie_fighter,resistance,7,4,9,3,Vulpter
2025-03-17 15:03:24,660,x-wing,resistance,1,6,7,2,Naboo
2025-03-17 15:03:23,661,at-st,empire,2,4,6,9,Trandosha
2025-03-17 15:03:22,662,resistance_soldier,empire,7,1,1,1,Trandosha
2025-03-17 15:03:21,663,at-st,resistance,10,4,9,4,Kalee
2025-03-17 15:03:20,664,tie_silencer,empire,10,6,10,7,Eriadu
2025-03-17 15:03:19,665,tie_silencer,resistance,8,6,10,2,Sullust
2025-03-17 15:03:18,666,at-at,resistance,7,2,5,4,Shili
2025-03-17 15:03:17,667,tie_fighter,resistance,1,9,9,8,Aleen Minor
2025-03-17 15:03:16,668,x-wing,resistance,9,2,6,2,Kashyyyk
2025-03-17 15:03:15,669,at-at,resistance,4,4,3,8,Mirial
2025-03-17 15:03:14,670,stormtrooper,empire,1,10,8,2,Bestine IV
2025-03-17 15:03:13,671,at-st,resistance,3,7,1,5,Alderaan
2025-03-17 15:03:12,672,at-st,resistance,10,8,5,9,Socorro
2025-03-17 15:03:11,673,stormtrooper,empire,3,2,5,10,Mirial
2025-03-17 15:03:10,674,unknown,resistance,6,7,3,5,Tatooine
2025-03-17 15:03:09,675,stormtrooper,empire,2,10,9,8,Corellia
2025-03-17 15:03:08,676,unknown,empire,5,10,1,10,Mirial
2025-03-17 15:03:07,677,at-st,empire,5,6,9,7,Toydaria
2025-03-17 15:03:06,678,tie_fighter,resistance,5,8,4,6,Ryloth
2025-03-17 15:03:05,679,tie_silencer,empire,2,3,5,3,Champala
2025-03-17 15:03:04,680,unknown,resistance,5,6,3,1,Bestine IV
2025-03-17 15:03:03,681,resistance_soldier,resistance,7,10,6,4,Kashyyyk
2025-03-17 15:03:02,682,tie_fighter,resistance,5,1,3,3,Iktotch
2025-03-17 15:03:01,683,resistance_soldier,resistance,3,8,6,9,Tatooine
2025-03-17 15:03:00,684,at-st,empire,8,7,1,7,Serenno
2025-03-17 15:02:59,685,at-st,resistance,5,2,4,5,Dathomir
2025-03-17 15:02:58,686,tie_fighter,empire,2,6,9,1,Umbara
2025-03-17 15:02:57,687,tie_fighter,resistance,6,7,3,7,Dorin
2025-03-17 15:02:56,688,stormtrooper,empire,9,2,2,9,Iridonia
2025-03-17 15:02:55,689,x-wing,empire,7,4,8,8,Stewjon
2025-03-17 15:02:54,690,tie_fighter,empire,3,1,1,10,Kalee
2025-03-17 15:02:53,691,tie_silencer,empire,3,1,7,6,Muunilinst
2025-03-17 15:02:52,692,resistance_soldier,empire,9,6,5,10,Aleen Minor
2025-03-17 15:02:51,693,at-at,empire,6,5,7,1,Muunilinst
2025-03-17 15:02:50,694,unknown,empire,7,8,6,4,Mirial
2025-03-17 15:02:49,695,unknown,resistance,3,1,4,10,Iridonia
2025-03-17 15:02:48,696,stormtrooper,empire,9,6,3,4,Trandosha
2025-03-17 15:02:47,697,resistance_soldier,empire,8,10,3,6,Concord Dawn
2025-03-17 15:02:46,698,resistance_soldier,empire,4,9,8,6,Zolan
2025-03-17 15:02:45,699,stormtrooper,empire,2,9,1,9,Stewjon
2025-03-17 15:02:44,700,at-st,resistance,2,7,9,7,Mirial
2025-03-17 15:02:43,701,unknown,empire,8,8,8,3,Ojom
2025-03-17 15:02:42,702,resistance_soldier,empire,5,2,1,5,Malastare
2025-03-17 15:02:41,703,unknown,empire,7,1,1,8,Dathomir
2025-03-17 15:02:40,704,x-wing,resistance,4,8,4,1,Tholoth
2025-03-17 15:02:39,705,resistance_soldier,empire,5,2,4,1,Ojom
2025-03-17 15:02:38,706,at-at,empire,4,2,9,9,Cerea
2025-03-17 15:02:37,707,tie_silencer,resistance,7,3,2,6,Aleen Minor
2025-03-17 15:02:36,708,tie_silencer,resistance,9,2,4,6,Muunilinst
2025-03-17 15:02:35,709,tie_fighter,resistance,4,7,4,8,Quermia
2025-03-17 15:02:34,710,stormtrooper,resistance,7,2,2,10,Rodia
2025-03-17 15:02:33,711,unknown,empire,9,5,2,3,Kalee
2025-03-17 15:02:32,712,stormtrooper,resistance,6,1,9,8,Stewjon
2025-03-17 15:02:31,713,at-at,resistance,4,6,1,10,Eriadu
2025-03-17 15:02:30,714,tie_fighter,empire,1,5,5,6,Skako
2025-03-17 15:02:29,715,at-at,resistance,10,5,6,2,Naboo
2025-03-17 15:02:28,716,stormtrooper,resistance,6,8,2,4,Ojom
2025-03-17 15:02:27,717,at-at,empire,7,3,9,10,Vulpter
2025-03-17 15:02:26,718,tie_fighter,resistance,3,2,7,7,Aleen Minor
2025-03-17 15:02:25,719,x-wing,empire,2,3,8,7,Mirial
2025-03-17 15:02:24,720,stormtrooper,empire,2,5,5,7,Eriadu
2025-03-17 15:02:23,721,x-wing,empire,10,7,7,10,Tholoth
2025-03-17 15:02:22,722,unknown,resistance,10,4,3,7,Bestine IV
2025-03-17 15:02:21,723,stormtrooper,resistance,5,9,7,4,Kalee
2025-03-17 15:02:20,724,at-st,empire,3,7,6,6,Tholoth
2025-03-17 15:02:19,725,tie_fighter,empire,10,6,3,6,Dathomir
2025-03-17 15:02:18,726,tie_silencer,resistance,8,5,6,8,Chandrila
2025-03-17 15:02:17,727,at-st,empire,3,2,3,7,Serenno
2025-03-17 15:02:16,728,x-wing,empire,4,8,7,5,Chandrila
2025-03-17 15:02:15,729,unknown,resistance,9,2,9,4,Naboo
2025-03-17 15:02:14,730,tie_silencer,resistance,5,2,5,7,Chandrila
2025-03-17 15:02:13,731,at-st,resistance,4,2,4,5,Bestine IV
2025-03-17 15:02:12,732,unknown,resistance,6,1,7,2,Dorin
2025-03-17 15:02:11,733,x-wing,resistance,5,8,4,10,Alderaan
2025-03-17 15:02:10,734,tie_silencer,resistance,5,8,3,2,Iktotch
2025-03-17 15:02:09,735,x-wing,empire,1,5,6,10,Stewjon
2025-03-17 15:02:08,736,stormtrooper,resistance,1,3,2,9,Bestine IV
2025-03-17 15:02:07,737,at-st,empire,10,3,1,8,Zolan
2025-03-17 15:02:06,738,stormtrooper,resistance,1,7,1,9,Champala
2025-03-17 15:02:05,739,unknown,resistance,7,2,3,2,Champala
2025-03-17 15:02:04,740,x-wing,resistance,10,7,1,8,Chandrila
2025-03-17 15:02:03,741,resistance_soldier,empire,8,1,9,1,Aleen Minor
2025-03-17 15:02:02,742,x-wing,resistance,4,4,7,4,Dathomir
2025-03-17 15:02:01,743,stormtrooper,empire,8,3,10,1,Dagobah
2025-03-17 15:02:00,744,tie_silencer,empire,5,3,4,2,Troiken
2025-03-17 15:01:59,745,tie_silencer,resistance,7,1,2,4,Concord Dawn
2025-03-17 15:01:58,746,x-wing,resistance,2,1,10,6,Bestine IV
2025-03-17 15:01:57,747,x-wing,empire,5,9,10,1,Cerea
2025-03-17 15:01:56,748,x-wing,resistance,3,2,8,7,Vulpter
2025-03-17 15:01:55,749,unknown,resistance,9,8,5,1,Dorin
2025-03-17 15:01:54,750,x-wing,empire,7,1,1,7,Kalee
2025-03-17 15:01:53,751,at-at,resistance,5,4,7,5,Socorro
2025-03-17 15:01:52,752,tie_silencer,resistance,6,10,5,5,Kashyyyk
2025-03-17 15:01:51,753,unknown,resistance,9,2,8,9,Naboo
2025-03-17 15:01:50,754,stormtrooper,resistance,2,4,2,4,Champala
2025-03-17 15:01:49,755,resistance_soldier,resistance,2,5,5,8,Mon Cala
2025-03-17 15:01:48,756,tie_fighter,empire,1,4,10,8,Eriadu
2025-03-17 15:01:47,757,at-at,empire,4,2,5,1,Cerea
2025-03-17 15:01:46,758,x-wing,resistance,8,9,1,10,Sullust
2025-03-17 15:01:45,759,tie_silencer,resistance,3,5,5,2,Kashyyyk
2025-03-17 15:01:44,760,tie_silencer,empire,3,4,4,9,Malastare
2025-03-17 15:01:43,761,x-wing,resistance,2,2,10,9,Dagobah
2025-03-17 15:01:42,762,resistance_soldier,resistance,2,1,3,8,Champala
2025-03-17 15:01:41,763,tie_silencer,resistance,3,1,8,6,Bestine IV
2025-03-17 15:01:40,764,tie_silencer,empire,7,8,4,2,Skako
2025-03-17 15:01:39,765,tie_fighter,resistance,7,6,8,3,Alderaan
2025-03-17 15:01:38,766,at-at,empire,7,9,8,3,Mirial
2025-03-17 15:01:37,767,unknown,empire,1,4,10,5,Iktotch
2025-03-17 15:01:36,768,tie_silencer,resistance,1,3,2,2,Vulpter
2025-03-17 15:01:35,769,unknown,resistance,8,6,1,2,Bestine IV
2025-03-17 15:01:34,770,at-at,resistance,3,8,10,2,Troiken
2025-03-17 15:01:33,771,x-wing,resistance,4,5,5,1,Haruun Kal
2025-03-17 15:01:32,772,tie_fighter,resistance,6,4,5,5,Rodia
2025-03-17 15:01:31,773,at-at,resistance,1,3,8,1,Kashyyyk
2025-03-17 15:01:30,774,resistance_soldier,resistance,4,4,9,8,Chandrila
2025-03-17 15:01:29,775,tie_fighter,resistance,9,1,7,9,Rodia
2025-03-17 15:01:28,776,tie_silencer,empire,6,4,1,3,Skako
2025-03-17 15:01:27,777,stormtrooper,resistance,4,7,2,2,Skako
2025-03-17 15:01:26,778,at-at,empire,6,9,3,9,Socorro
2025-03-17 15:01:25,779,resistance_soldier,resistance,3,2,7,10,Alderaan
2025-03-17 15:01:24,780,at-at,resistance,1,2,6,3,Cerea
2025-03-17 15:01:23,781,resistance_soldier,empire,3,5,1,5,Skako
2025-03-17 15:01:22,782,tie_silencer,resistance,2,9,9,10,Tholoth
2025-03-17 15:01:21,783,tie_fighter,empire,6,6,4,7,Muunilinst
2025-03-17 15:01:20,784,x-wing,empire,6,7,10,4,Iridonia
2025-03-17 15:01:19,785,x-wing,resistance,7,1,5,5,Chandrila
2025-03-17 15:01:18,786,at-at,empire,10,3,4,3,Zolan
2025-03-17 15:01:17,787,unknown,resistance,10,10,8,7,Dagobah
2025-03-17 15:01:16,788,at-at,resistance,2,4,5,10,Shili
2025-03-17 15:01:15,789,unknown,empire,4,7,4,10,Stewjon
2025-03-17 15:01:14,790,at-st,resistance,2,9,8,4,Iridonia
2025-03-17 15:01:13,791,stormtrooper,empire,3,2,2,1,Dathomir
2025-03-17 15:01:12,792,stormtrooper,resistance,3,6,9,4,Eriadu
2025-03-17 15:01:11,793,unknown,empire,9,8,10,5,Quermia
2025-03-17 15:01:10,794,stormtrooper,resistance,7,3,6,4,Shili
2025-03-17 15:01:09,795,tie_fighter,resistance,10,2,10,4,Rodia
2025-03-17 15:01:08,796,stormtrooper,resistance,5,5,5,7,Iridonia
2025-03-17 15:01:07,797,resistance_soldier,resistance,9,3,5,10,Concord Dawn
2025-03-17 15:01:06,798,x-wing,resistance,1,6,6,7,Dorin
2025-03-17 15:01:05,799,unknown,resistance,2,4,7,5,Ojom
2025-03-17 15:01:04,800,at-at,resistance,4,2,10,9,Dathomir
2025-03-17 15:01:03,801,unknown,resistance,5,8,8,8,Mirial
2025-03-17 15:01:02,802,x-wing,resistance,1,4,7,2,Malastare
2025-03-17 15:01:01,803,resistance_soldier,empire,1,5,5,3,Tatooine
2025-03-17 15:01:00,804,unknown,resistance,9,3,3,10,Socorro
2025-03-17 15:00:59,805,tie_silencer,empire,5,10,5,4,Concord Dawn
2025-03-17 15:00:58,806,at-at,empire,8,4,9,8,Haruun Kal
2025-03-17 15:00:57,807,at-at,resistance,8,8,9,4,Eriadu
2025-03-17 15:00:56,808,stormtrooper,empire,6,8,4,8,Malastare
2025-03-17 15:00:55,809,resistance_soldier,resistance,5,2,2,9,Iktotch
2025-03-17 15:00:54,810,x-wing,resistance,1,4,9,7,Mirial
2025-03-17 15:00:53,811,stormtrooper,resistance,1,4,6,9,Socorro
2025-03-17 15:00:52,812,unknown,empire,7,3,5,5,Toydaria
2025-03-17 15:00:51,813,stormtrooper,resistance,4,10,10,3,Zolan
2025-03-17 15:00:50,814,stormtrooper,resistance,2,6,1,1,Alderaan
2025-03-17 15:00:49,815,at-at,empire,8,1,10,2,Malastare
2025-03-17 15:00:48,816,at-st,empire,2,7,4,3,Concord Dawn
2025-03-17 15:00:47,817,x-wing,resistance,7,5,1,7,Ryloth
2025-03-17 15:00:46,818,tie_fighter,empire,3,5,8,3,Trandosha
2025-03-17 15:00:45,819,tie_fighter,resistance,10,3,4,8,Rodia
2025-03-17 15:00:44,820,tie_silencer,resistance,3,3,4,6,Sullust
2025-03-17 15:00:43,821,x-wing,empire,2,7,1,6,Champala
2025-03-17 15:00:42,822,at-at,empire,1,1,2,2,Iktotch
2025-03-17 15:00:41,823,at-at,empire,6,4,9,3,Trandosha
2025-03-17 15:00:40,824,at-at,empire,10,8,8,9,Champala
2025-03-17 15:00:39,825,stormtrooper,resistance,5,7,1,4,Kashyyyk
2025-03-17 15:00:38,826,unknown,empire,6,5,4,6,Muunilinst
2025-03-17 15:00:37,827,tie_silencer,resistance,9,3,2,3,Naboo
2025-03-17 15:00:36,828,tie_silencer,resistance,7,7,10,1,Serenno
2025-03-17 15:00:35,829,tie_fighter,empire,6,1,10,2,Vulpter
2025-03-17 15:00:34,830,stormtrooper,empire,10,6,2,6,Toydaria
2025-03-17 15:00:33,831,unknown,empire,3,10,7,7,Muunilinst
2025-03-17 15:00:32,832,tie_fighter,resistance,2,3,10,6,Quermia
2025-03-17 15:00:31,833,unknown,resistance,2,10,2,4,Kalee
2025-03-17 15:00:30,834,stormtrooper,resistance,9,9,3,9,Tholoth
2025-03-17 15:00:29,835,resistance_soldier,resistance,4,7,3,9,Tholoth
2025-03-17 15:00:28,836,at-st,empire,7,9,8,8,Serenno
2025-03-17 15:00:27,837,tie_fighter,resistance,1,2,3,8,Ryloth
2025-03-17 15:00:26,838,x-wing,resistance,5,7,9,10,Shili
2025-03-17 15:00:25,839,resistance_soldier,empire,10,4,1,8,Serenno
2025-03-17 15:00:24,840,tie_silencer,resistance,9,2,5,8,Quermia
2025-03-17 15:00:23,841,at-st,resistance,2,7,9,2,Ryloth
2025-03-17 15:00:22,842,at-st,empire,8,6,7,9,Stewjon
2025-03-17 15:00:21,843,unknown,empire,5,1,10,4,Dathomir
2025-03-17 15:00:20,844,x-wing,resistance,7,7,10,2,Alderaan
2025-03-17 15:00:19,845,at-st,empire,1,3,9,4,Iktotch
2025-03-17 15:00:18,846,at-st,empire,9,3,4,1,Dagobah
2025-03-17 15:00:17,847,unknown,resistance,4,9,8,2,Mon Cala
2025-03-17 15:00:16,848,tie_fighter,empire,7,8,8,10,Toydaria
2025-03-17 15:00:15,849,at-st,empire,10,2,4,5,Glee Anselm
2025-03-17 15:00:14,850,resistance_soldier,empire,4,2,2,6,Tatooine
2025-03-17 15:00:13,851,unknown,resistance,7,1,10,6,Trandosha
2025-03-17 15:00:12,852,resistance_soldier,resistance,3,3,8,3,Dathomir
2025-03-17 15:00:11,853,at-at,resistance,7,3,2,9,Iridonia
2025-03-17 15:00:10,854,stormtrooper,empire,3,4,5,4,Skako
2025-03-17 15:00:09,855,at-at,resistance,10,2,10,9,Alderaan
2025-03-17 15:00:08,856,x-wing,resistance,2,1,5,5,Kalee
2025-03-17 15:00:07,857,resistance_soldier,resistance,4,8,4,4,Kashyyyk
2025-03-17 15:00:06,858,tie_silencer,resistance,10,3,2,10,Cerea
2025-03-17 15:00:05,859,at-at,empire,1,4,9,9,Aleen Minor
2025-03-17 15:00:04,860,x-wing,empire,8,7,8,6,Stewjon
2025-03-17 15:00:03,861,resistance_soldier,resistance,6,6,4,9,Sullust
2025-03-17 15:00:02,862,x-wing,empire,8,1,7,6,Serenno
2025-03-17 15:00:01,863,at-at,resistance,5,6,8,10,Mirial
2025-03-17 15:00:00,864,tie_silencer,resistance,4,7,7,5,Champala
2025-03-17 14:59:59,865,at-st,empire,8,7,7,5,Dagobah
2025-03-17 14:59:58,866,stormtrooper,empire,10,9,2,10,Mirial
2025-03-17 14:59:57,867,resistance_soldier,resistance,5,7,7,5,Sullust
2025-03-17 14:59:56,868,unknown,empire,10,6,5,1,Trandosha
2025-03-17 14:59:55,869,unknown,empire,1,6,9,7,Tatooine
2025-03-17 14:59:54,870,at-st,resistance,5,5,9,5,Aleen Minor
2025-03-17 14:59:53,871,resistance_soldier,resistance,7,9,6,3,Haruun Kal
2025-03-17 14:59:52,872,tie_silencer,resistance,9,3,5,1,Vulpter
2025-03-17 14:59:51,873,x-wing,empire,7,6,1,2,Zolan
2025-03-17 14:59:50,874,resistance_soldier,resistance,3,2,4,2,Haruun Kal
2025-03-17 14:59:49,875,at-st,empire,3,6,10,6,Concord Dawn
2025-03-17 14:59:48,876,resistance_soldier,empire,2,3,7,5,Serenno
2025-03-17 14:59:47,877,tie_silencer,empire,4,1,4,3,Trandosha
2025-03-17 14:59:46,878,resistance_soldier,empire,5,4,4,4,Aleen Minor
2025-03-17 14:59:45,879,stormtrooper,resistance,10,3,3,1,Ryloth
2025-03-17 14:59:44,880,resistance_soldier,resistance,1,8,8,5,Chandrila
2025-03-17 14:59:43,881,unknown,empire,5,7,4,5,Rodia
2025-03-17 14:59:42,882,resistance_soldier,resistance,1,7,4,2,Mon Cala
2025-03-17 14:59:41,883,tie_silencer,empire,5,7,10,1,Mirial
2025-03-17 14:59:40,884,at-at,empire,2,2,8,7,Quermia
2025-03-17 14:59:39,885,at-st,empire,6,5,9,9,Mirial
2025-03-17 14:59:38,886,x-wing,resistance,1,1,1,3,Cerea
2025-03-17 14:59:37,887,stormtrooper,empire,8,6,1,8,Eriadu
2025-03-17 14:59:36,888,tie_fighter,empire,2,9,9,8,Stewjon
2025-03-17 14:59:35,889,tie_silencer,resistance,6,4,4,9,Naboo
2025-03-17 14:59:34,890,at-st,empire,8,7,2,5,Toydaria
2025-03-17 14:59:33,891,tie_fighter,empire,6,3,3,6,Eriadu
2025-03-17 14:59:32,892,resistance_soldier,empire,4,1,5,3,Naboo
2025-03-17 14:59:31,893,tie_silencer,resistance,6,5,8,9,Kashyyyk
2025-03-17 14:59:30,894,resistance_soldier,resistance,4,1,6,7,Mon Cala
2025-03-17 14:59:29,895,at-at,empire,4,7,5,8,Mirial
2025-03-17 14:59:28,896,at-st,resistance,5,7,1,4,Aleen Minor
2025-03-17 14:59:27,897,stormtrooper,empire,1,8,9,10,Naboo
2025-03-17 14:59:26,898,tie_fighter,resistance,9,10,2,9,Chandrila
2025-03-17 14:59:25,899,at-st,empire,7,7,9,9,Tund
2025-03-17 14:59:24,900,at-st,resistance,7,4,8,9,Haruun Kal
2025-03-17 14:59:23,901,at-st,empire,2,1,6,5,Haruun Kal
2025-03-17 14:59:22,902,x-wing,empire,5,1,3,6,Rodia
2025-03-17 14:59:21,903,resistance_soldier,resistance,5,7,1,10,Dagobah
2025-03-17 14:59:20,904,unknown,empire,8,3,4,2,Muunilinst
2025-03-17 14:59:19,905,stormtrooper,resistance,9,9,8,4,Alderaan
2025-03-17 14:59:18,906,x-wing,resistance,9,4,10,9,Chandrila
2025-03-17 14:59:17,907,at-st,empire,8,8,8,4,Vulpter
2025-03-17 14:59:16,908,stormtrooper,resistance,8,4,6,8,Champala
2025-03-17 14:59:15,909,tie_silencer,empire,10,4,9,2,Corellia
2025-03-17 14:59:14,910,at-st,empire,9,7,8,2,Vulpter
2025-03-17 14:59:13,911,resistance_soldier,empire,6,8,10,8,Trandosha
2025-03-17 14:59:12,912,tie_silencer,resistance,5,8,10,9,Cerea
2025-03-17 14:59:11,913,tie_silencer,resistance,2,4,4,4,Concord Dawn
2025-03-17 14:59:10,914,at-st,resistance,4,8,9,5,Eriadu
2025-03-17 14:59:09,915,resistance_soldier,empire,3,3,8,1,Eriadu
2025-03-17 14:59:08,916,unknown,resistance,4,2,5,10,Naboo
2025-03-17 14:59:07,917,tie_fighter,resistance,7,9,7,2,Zolan
2025-03-17 14:59:06,918,resistance_soldier,empire,6,3,7,3,Dagobah
2025-03-17 14:59:05,919,x-wing,empire,1,1,7,1,Muunilinst
2025-03-17 14:59:04,920,at-st,resistance,1,1,1,5,Iktotch
2025-03-17 14:59:03,921,tie_fighter,empire,1,2,7,7,Trandosha
2025-03-17 14:59:02,922,unknown,empire,4,7,1,5,Chandrila
2025-03-17 14:59:01,923,at-st,empire,2,5,5,6,Shili
2025-03-17 14:59:00,924,x-wing,empire,7,3,6,5,Dorin
2025-03-17 14:58:59,925,tie_silencer,resistance,10,9,2,2,Eriadu
2025-03-17 14:58:58,926,at-st,resistance,6,9,9,2,Dorin
2025-03-17 14:58:57,927,tie_silencer,empire,8,9,8,4,Iktotch
2025-03-17 14:58:56,928,stormtrooper,resistance,9,5,10,2,Naboo
2025-03-17 14:58:55,929,resistance_soldier,resistance,10,5,5,6,Mon Cala
2025-03-17 14:58:54,930,resistance_soldier,resistance,8,5,4,10,Kashyyyk
2025-03-17 14:58:53,931,at-st,resistance,7,9,5,8,Socorro
2025-03-17 14:58:52,932,x-wing,resistance,1,2,3,6,Kalee
2025-03-17 14:58:51,933,resistance_soldier,resistance,3,1,10,7,Troiken
2025-03-17 14:58:50,934,resistance_soldier,empire,3,4,10,10,Zolan
2025-03-17 14:58:49,935,resistance_soldier,resistance,1,2,4,1,Socorro
2025-03-17 14:58:48,936,tie_silencer,empire,1,5,2,5,Umbara
2025-03-17 14:58:47,937,x-wing,resistance,7,8,5,2,Troiken
2025-03-17 14:58:46,938,tie_silencer,resistance,7,5,6,8,Iktotch
2025-03-17 14:58:45,939,at-st,resistance,8,7,1,7,Iktotch
2025-03-17 14:58:44,940,tie_silencer,resistance,5,5,5,8,Shili
2025-03-17 14:58:43,941,tie_silencer,resistance,9,6,10,2,Chandrila
2025-03-17 14:58:42,942,resistance_soldier,empire,4,8,1,7,Tholoth
2025-03-17 14:58:41,943,at-st,empire,9,8,7,1,Tund
2025-03-17 14:58:40,944,tie_silencer,empire,1,4,4,7,Stewjon
2025-03-17 14:58:39,945,unknown,empire,1,8,5,10,Ojom
2025-03-17 14:58:38,946,tie_silencer,empire,10,10,6,5,Naboo
2025-03-17 14:58:37,947,resistance_soldier,empire,7,5,9,10,Skako
2025-03-17 14:58:36,948,tie_fighter,empire,9,6,2,9,Champala
2025-03-17 14:58:35,949,stormtrooper,empire,2,5,5,7,Quermia
2025-03-17 14:58:34,950,x-wing,resistance,3,10,7,7,Eriadu
2025-03-17 14:58:33,951,at-at,resistance,6,6,7,6,Kashyyyk
2025-03-17 14:58:32,952,unknown,resistance,3,6,10,8,Iktotch
2025-03-17 14:58:31,953,stormtrooper,resistance,7,6,8,10,Iridonia
2025-03-17 14:58:30,954,stormtrooper,empire,10,5,9,4,Zolan
2025-03-17 14:58:29,955,unknown,empire,8,8,1,3,Vulpter
2025-03-17 14:58:28,956,tie_fighter,empire,10,10,9,10,Malastare
2025-03-17 14:58:27,957,stormtrooper,resistance,9,10,9,9,Mon Cala
2025-03-17 14:58:26,958,stormtrooper,empire,9,1,5,7,Muunilinst
2025-03-17 14:58:25,959,x-wing,resistance,7,9,8,3,Haruun Kal
2025-03-17 14:58:24,960,stormtrooper,resistance,10,10,3,1,Troiken
2025-03-17 14:58:23,961,tie_silencer,resistance,2,5,2,7,Malastare
2025-03-17 14:58:22,962,stormtrooper,resistance,5,7,6,4,Rodia
2025-03-17 14:58:21,963,resistance_soldier,empire,7,5,9,6,Tholoth
2025-03-17 14:58:20,964,tie_silencer,empire,6,3,10,6,Tholoth
2025-03-17 14:58:19,965,unknown,empire,8,10,2,4,Serenno
2025-03-17 14:58:18,966,at-st,empire,4,3,1,10,Dagobah
2025-03-17 14:58:17,967,tie_fighter,empire,5,6,7,6,Quermia
2025-03-17 14:58:16,968,at-at,empire,1,7,5,4,Stewjon
2025-03-17 14:58:15,969,unknown,resistance,7,6,9,2,Iktotch
2025-03-17 14:58:14,970,at-st,resistance,1,6,7,6,Zolan
2025-03-17 14:58:13,971,unknown,resistance,3,6,6,7,Kalee
2025-03-17 14:58:12,972,tie_fighter,resistance,2,7,10,4,Haruun Kal
2025-03-17 14:58:11,973,resistance_soldier,resistance,6,9,2,6,Alderaan
2025-03-17 14:58:10,974,tie_fighter,empire,2,8,8,4,Trandosha
2025-03-17 14:58:09,975,resistance_soldier,empire,3,5,6,4,Haruun Kal
2025-03-17 14:58:08,976,unknown,empire,9,8,8,5,Zolan
2025-03-17 14:58:07,977,x-wing,resistance,1,9,3,8,Haruun Kal
2025-03-17 14:58:06,978,at-at,resistance,4,7,9,9,Stewjon
2025-03-17 14:58:05,979,at-at,empire,7,6,4,5,Mirial
2025-03-17 14:58:04,980,at-st,empire,4,6,1,10,Corellia
2025-03-17 14:58:03,981,at-st,empire,1,3,2,2,Tund
2025-03-17 14:58:02,982,unknown,empire,8,3,10,2,Vulpter
2025-03-17 14:58:01,983,tie_silencer,empire,6,9,7,6,Kalee
2025-03-17 14:58:00,984,resistance_soldier,empire,1,6,2,5,Aleen Minor
2025-03-17 14:57:59,985,tie_silencer,resistance,1,4,3,8,Dorin
2025-03-17 14:57:58,986,at-at,resistance,10,4,7,3,Ojom
2025-03-17 14:57:57,987,resistance_soldier,resistance,8,2,7,2,Haruun Kal
2025-03-17 14:57:56,988,unknown,empire,7,5,5,5,Skako
2025-03-17 14:57:55,989,tie_fighter,resistance,8,3,6,10,Dathomir
2025-03-17 14:57:54,990,x-wing,resistance,3,7,2,9,Mon Cala
2025-03-17 14:57:53,991,resistance_soldier,empire,7,6,9,10,Trandosha
2025-03-17 14:57:52,992,tie_silencer,empire,8,2,10,1,Aleen Minor
2025-03-17 14:57:51,993,tie_silencer,empire,3,1,3,7,Dagobah
2025-03-17 14:57:50,994,at-st,resistance,2,2,1,8,Dorin
2025-03-17 14:57:49,995,at-at,resistance,8,9,8,2,Ojom
2025-03-17 14:57:48,996,at-st,empire,1,3,4,2,Skako
2025-03-17 14:57:47,997,tie_fighter,resistance,2,1,8,6,Sullust
2025-03-17 14:57:46,998,tie_silencer,resistance,3,9,7,9,Vulpter
2025-03-17 14:57:45,999,tie_silencer,empire,6,7,2,8,Stewjon
2025-03-17 14:57:44,1000,tie_fighter,empire,4,8,3,10,Muunilinst
